{
  "mean": [
    0.4045432209968567,
    0.4045432209968567,
    0.4045432209968567
  ],
  "std": [
    0.22564752399921417,
    0.22540338337421417,
    0.27820003032684326
  ],
  "computed_from": "20 images",
  "imagenet_mean": [
    0.485,
    0.456,
    0.406
  ],
  "imagenet_std": [
    0.229,
    0.224,
    0.225
  ]
}