{
  "mean": [
    0.625344996283444,
    0.6644757251101708,
    0.49956688822854295
  ],
  "std": [
    0.17687447857038607,
    0.12697397136489338,
    0.29266581544444675
  ],
  "directories": [
    "../extracted_frames_9182"
  ],
  "sample_size": 100
}